date,forecast,lower_bound,upper_bound
1985-01-01T00:00:00,70.12202424034939,66.78727085386147,73.08952273279222
1985-02-01T00:00:00,64.29725875700662,61.016758580835806,67.4467960744516
1985-03-01T00:00:00,60.66151379377166,57.51804800758948,63.86709375770195
1985-04-01T00:00:00,54.873481876716745,51.90933897524459,57.99685570355625
1985-05-01T00:00:00,55.356498652187504,51.997056603489234,58.54656046946819
1985-06-01T00:00:00,61.12598560572806,57.81940902462631,64.5095476965536
1985-07-01T00:00:00,66.39800910042065,63.23956177856775,69.71104798757287
1985-08-01T00:00:00,66.50394208688202,63.345092546988305,69.73903008088541
1985-09-01T00:00:00,60.53281935165521,57.34649447262685,63.85918373271778
1985-10-01T00:00:00,56.23762278922103,52.974414534292144,59.52401281171113
1985-11-01T00:00:00,58.40075723923793,55.12914529450104,61.684007026136015
1985-12-01T00:00:00,67.70338280047896,64.60933863158043,70.96149012562618
1986-01-01T00:00:00,72.66926507699881,69.45476583853701,75.95081233345779
1986-02-01T00:00:00,67.10842705583357,63.9055280995481,70.07037734283212
1986-03-01T00:00:00,63.17151445689983,59.64266338820009,66.1286183679004
1986-04-01T00:00:00,56.680696294991485,53.50988146906976,59.69775908944977
1986-05-01T00:00:00,57.057613488323256,53.839834109259456,60.335112490215394
1986-06-01T00:00:00,63.09663640351588,60.160624740203936,66.15380359886285
1986-07-01T00:00:00,68.83068392109054,65.55736065961618,72.14956378520637
1986-08-01T00:00:00,69.26498994931892,65.93759109934987,72.40438391827104
1986-09-01T00:00:00,62.8582166425407,59.62309527059229,66.00471969791805
1986-10-01T00:00:00,58.26769704532625,54.562787410073256,61.66254927446062
1986-11-01T00:00:00,60.416447123674075,57.30277336500242,63.53192028209137
1986-12-01T00:00:00,69.459821630805,66.38344986547797,72.83737070146955
1987-01-01T00:00:00,75.23568225207684,72.10524298082889,78.33550819195354
1987-02-01T00:00:00,69.96532937034449,66.73877714510311,73.11548056069975
1987-03-01T00:00:00,65.69478086529193,62.550153770147325,68.7811454938393
1987-04-01T00:00:00,58.46761168918544,55.139908601072975,61.97405782796999
1987-05-01T00:00:00,58.74102238327501,55.718666199386526,62.003332232612685
1987-06-01T00:00:00,65.06153496918047,61.8747814940433,68.41241423833932
1987-07-01T00:00:00,71.27895290236681,68.08386665614367,74.76041272958432
1987-08-01T00:00:00,72.0556408709162,68.93851308294245,75.21961062229764
1987-09-01T00:00:00,65.19061400336278,61.86984399303476,68.32683064481547
1987-10-01T00:00:00,60.29447370772289,56.95602795325763,63.604632422678606
1987-11-01T00:00:00,62.42032214434613,59.21967009098321,65.60950014322526
1987-12-01T00:00:00,71.1761783764337,67.89802027002082,74.55398829591346
1988-01-01T00:00:00,77.81846049833415,74.49024585501112,80.87762594482415
1988-02-01T00:00:00,72.86323304414204,69.96479984307182,76.10722657251222
1988-03-01T00:00:00,66.9737781270838,63.64044244867641,70.21970096537713
1988-04-01T00:00:00,61.05464472483111,57.79881259594573,64.26852356697363
1988-05-01T00:00:00,61.71031235565917,58.66047902150466,64.8511013001336
1988-06-01T00:00:00,68.02412092848445,64.94121194831924,71.28290408782125
1988-07-01T00:00:00,73.5525369807108,70.14354314379356,76.82400505728108
1988-08-01T00:00:00,73.28546668787759,70.25828776319078,76.53827062768147
1988-09-01T00:00:00,66.87283784052491,63.44235445730027,70.09567240113321
1988-10-01T00:00:00,62.2427247718239,58.94928211901981,65.51504459188594
1988-11-01T00:00:00,64.70845067001828,61.33686803589607,67.75076678929454
1988-12-01T00:00:00,75.62158047302852,72.4058515175643,78.77396722258219
1989-01-01T00:00:00,80.42345117492785,77.28353419265186,83.71266121977884
1989-02-01T00:00:00,73.71409831239706,70.33687827215846,76.81166482614013
1989-03-01T00:00:00,69.5213981595181,66.28509144094527,72.57219695212356
1989-04-01T00:00:00,62.863633722559655,59.72350769877081,65.93050798506216
1989-05-01T00:00:00,63.37895785568904,60.26022233334879,66.72992687181748
1989-06-01T00:00:00,69.94145333002767,66.60271932080533,73.18984642969312
1989-07-01T00:00:00,75.92873592775912,72.68782266853574,79.19666352362252
1989-08-01T00:00:00,76.00351618580316,72.80251845373235,79.24246033060578
1989-09-01T00:00:00,69.13752516663807,66.08797226648264,72.44375490539962
1989-10-01T00:00:00,64.19428684742478,61.10343725697131,67.17126182929184
1989-11-01T00:00:00,66.62348576160134,63.39195712933662,69.88116321665377
1989-12-01T00:00:00,77.19131547571932,73.90617227379433,80.21833070594836
1990-01-01T00:00:00,82.80395143544784,79.80417889444888,86.050791192657
1990-02-01T00:00:00,76.4224515888961,73.18334148155336,79.69492837282323
1990-03-01T00:00:00,71.90057108373374,68.5532343554735,75.0226449714791
1990-04-01T00:00:00,64.47476136844281,61.25553090723601,67.81524003269958
1990-05-01T00:00:00,64.84708966207592,61.447875778360654,68.11252813627034
1990-06-01T00:00:00,71.64646393198828,68.29018990121045,74.85866324630156
1990-07-01T00:00:00,78.090227606407,74.93399433818148,81.20361711043672
1990-08-01T00:00:00,78.51341566662431,75.23099801142843,81.83649086998291
1990-09-01T00:00:00,71.18845475639,68.03922859785668,74.53237133632808
1990-10-01T00:00:00,65.93362251093379,62.86295080133846,69.1376927473062
1990-11-01T00:00:00,68.30546024397428,65.04786070549363,71.4783582196792
1990-12-01T00:00:00,78.46375173425842,75.06614679781734,81.68582052702591
1991-01-01T00:00:00,84.9149408764457,81.44858047256322,88.04691303222897
1991-02-01T00:00:00,78.89869590967358,75.53365458278486,82.00770272494444
1991-03-01T00:00:00,74.02564692490547,70.83157160818544,77.20042861966014
1991-04-01T00:00:00,65.8259110550632,62.6103104264592,68.85679203933921
1991-05-01T00:00:00,66.07951746069817,62.91090834941598,69.14607190050373
1991-06-01T00:00:00,73.12795058720417,69.92559750212702,76.31913761387807
1991-07-01T00:00:00,80.0511656009803,77.06162449530198,83.07582314862034
1991-08-01T00:00:00,80.85587324527233,77.6465686172449,83.96801878721548
1991-09-01T00:00:00,73.09163161407629,69.9682481614687,76.25960514478011
1991-10-01T00:00:00,67.5479855361892,64.17831542386033,70.52413102563688
1991-11-01T00:00:00,69.8720240323491,66.51697573096632,73.0542755770243
1991-12-01T00:00:00,79.60999275985245,76.46799065963297,82.91364188602743
1992-01-01T00:00:00,86.96837516706023,83.98248860076681,90.40363290698467
1992-02-01T00:00:00,81.36444380389902,78.2148139232027,84.48718167955766
1992-03-01T00:00:00,74.73134363138799,71.4744435085438,78.00560638175892
1992-04-01T00:00:00,68.0718345790441,64.97627629102367,71.25010628751936
1992-05-01T00:00:00,68.74958730159828,65.6837510390427,71.99275169005618
1992-06-01T00:00:00,75.72326017057149,72.52210511612941,79.03457387294475
1992-07-01T00:00:00,81.81459007768295,78.65340956135941,84.95555358745715
1992-08-01T00:00:00,81.45320697196797,78.24010658814838,84.74671650680874
1992-09-01T00:00:00,74.26752106042778,70.99251231554773,77.35571499831839
1992-10-01T00:00:00,69.07313188223968,65.78581855617993,72.4837264381611
1992-11-01T00:00:00,71.75357498767288,68.68585784610441,74.98096736438305
1992-12-01T00:00:00,83.79202626834666,80.3380580229297,87.13174055475962
1993-01-01T00:00:00,89.04401658888233,85.93425724710288,92.13064735566002
1993-02-01T00:00:00,81.5528695392361,78.21885173601855,84.9669051414593
1993-03-01T00:00:00,76.86124795044465,73.60707426439731,80.08102063498188
1993-04-01T00:00:00,69.44772241617443,66.33378132039225,72.65043424433003
1993-05-01T00:00:00,69.98160034977724,66.62132147417996,73.00970286081528
1993-06-01T00:00:00,77.1875635091019,73.8067150914299,80.71713440529744
1993-07-01T00:00:00,83.75311885262832,80.71678495336273,86.95491940362072
1993-08-01T00:00:00,83.79234543785374,80.36273852532132,86.83505589567415
1993-09-01T00:00:00,76.18356846315555,73.31424211951968,79.45703324636362
1993-10-01T00:00:00,70.7015284145927,67.50664901661403,73.92507267859676
1993-11-01T00:00:00,73.33959320809414,70.1463364219579,76.3852996113848
1993-12-01T00:00:00,84.93102363487891,81.59200739854342,88.09104142014229
1994-01-01T00:00:00,91.06040498081539,87.89315784122557,94.19414372842236
1994-02-01T00:00:00,84.00033637119279,80.6259338745485,87.10899595818631
1994-03-01T00:00:00,78.99432488049369,75.9363774969169,82.22810777523263
1994-04-01T00:00:00,70.8005483433028,67.81953444297794,74.05030855262478
1994-05-01T00:00:00,71.19661478618778,67.90708067106263,74.19322070637097
1994-06-01T00:00:00,78.64720738667818,75.197488659885,81.67792916143492
1994-07-01T00:00:00,85.7053272441718,82.43743064213193,88.97577442832974
1994-08-01T00:00:00,86.15397386574382,83.11860555977135,89.54830678618075
1994-09-01T00:00:00,78.10190672251102,74.99902496091195,81.50071783705882
1994-10-01T00:00:00,72.32400924569077,68.88065235638899,75.86030231333493
1994-11-01T00:00:00,74.9121424168714,71.70732643258188,77.88789683508976
1994-12-01T00:00:00,86.03792741020476,82.80294167489718,89.48662580687198
1995-01-01T00:00:00,93.09510083578257,89.95253257862284,96.3784240741733
1995-02-01T00:00:00,86.48378532623886,83.31207967015986,89.65033103531265
1995-03-01T00:00:00,81.12916778005254,78.07636835937242,84.04692913769047
1995-04-01T00:00:00,72.1297477694345,69.17842264284575,75.10719222739104
1995-05-01T00:00:00,72.395221512509,69.25523741889701,75.64354149414885
1995-06-01T00:00:00,80.10317943714291,76.98567291783954,83.16951997661936
1995-07-01T00:00:00,87.67183189904344,84.42862047887597,90.90984450093583
1995-08-01T00:00:00,88.53762908844897,85.43930242011776,91.72508933606139
1995-09-01T00:00:00,80.02177135506199,76.68504727592291,83.31056342476492
1995-10-01T00:00:00,73.94006302223583,70.7241992121465,77.15544204389789
1995-11-01T00:00:00,76.47077612780141,73.23715987878593,79.71518961034425
1995-12-01T00:00:00,87.11385227868054,84.13863320577987,90.1249976164922
1996-01-01T00:00:00,95.14945727508136,91.99835936069708,98.40489538447562
1996-02-01T00:00:00,89.00311946296469,85.95374589042798,92.32226856129306
1996-03-01T00:00:00,81.7342391373618,78.62725615104466,84.84267111861213
1996-04-01T00:00:00,74.43802544071086,71.18394831562426,77.58532925960202
1996-05-01T00:00:00,75.1668393201684,71.98816796983779,78.52946232163775
1996-06-01T00:00:00,82.77748027135875,79.1903236548059,86.01543146603831
1996-07-01T00:00:00,89.42171413360833,86.24208359887474,92.7045159052823
1996-08-01T00:00:00,89.01181741573365,86.04251432003261,92.12761657219623
1996-09-01T00:00:00,81.14577843110604,77.77620380680642,84.25410710298002
1996-10-01T00:00:00,75.45817031245574,72.43435665012117,78.85288778379177
1996-11-01T00:00:00,78.37340632138933,75.11732433870417,81.54076383424069
1996-12-01T00:00:00,91.50788240871263,88.25390649210306,94.64909615349661
1997-01-01T00:00:00,97.22750463574545,93.96917169898929,100.12987881111916
1997-02-01T00:00:00,89.03330517214143,85.7819041785105,92.41606721884295
1997-03-01T00:00:00,83.89897306172544,80.92105940695392,87.23121675202654
1997-04-01T00:00:00,75.79430497273577,72.67076319641718,78.87683061613056
1997-05-01T00:00:00,76.36499361510236,73.2753521982813,79.65103077152084
1997-06-01T00:00:00,84.214650488856,81.01075584255017,87.26871114821807
1997-07-01T00:00:00,91.36370106217021,88.27300407393824,94.64337951835452
1997-08-01T00:00:00,91.39183963498316,88.08068106019984,94.57837694900905
1997-09-01T00:00:00,83.0797186015143,79.96104626529308,86.59080286581344
1997-10-01T00:00:00,77.08956969941575,73.7892761378792,80.12604240944262
1997-11-01T00:00:00,79.95331026284552,76.86117189411955,83.24590458208893
1997-12-01T00:00:00,92.57589217436006,89.47208887461717,95.73961610142534
1998-01-01T00:00:00,99.24137057905,96.20576355926504,102.49544329145607
1998-02-01T00:00:00,91.53265907487955,88.38112345626625,94.35777713404003
1998-03-01T00:00:00,86.06560565109339,82.95720104120602,89.2532275922709
1998-04-01T00:00:00,77.12633734859023,73.93585640073849,80.46809878211067
1998-05-01T00:00:00,77.54614196791846,74.26102782165053,80.74455854827472
1998-06-01T00:00:00,85.64795313231762,82.30181986085739,88.86277278226467
1998-07-01T00:00:00,93.32042939740305,89.9779155435294,96.48293262446533
1998-08-01T00:00:00,93.79453449739451,90.46014642194503,96.73710893484407
1998-09-01T00:00:00,85.01536080701486,81.88925151215996,88.20917083058576
1998-10-01T00:00:00,78.71439786427973,75.43113771153743,81.75671247775236
1998-11-01T00:00:00,81.51882645800802,78.26709450088033,84.74765721024232
1998-12-01T00:00:00,93.61210513994013,90.46345142777915,96.86403687634288
1999-01-01T00:00:00,101.27526291497722,97.86563866353434,104.6413308268556
1999-02-01T00:00:00,94.0688766173466,90.92384884119936,97.09655142155748
1999-03-01T00:00:00,88.2326903136648,84.91512455691952,91.45509776899802
1999-04-01T00:00:00,78.43358589760322,75.09501864282002,81.3265548816535
1999-05-01T00:00:00,78.71092690736923,75.44556966496566,81.93493652402935
1999-06-01T00:00:00,87.07840968188627,83.90571776684823,90.46266533775285
1999-07-01T00:00:00,95.29249962741387,91.88305616373545,98.53904439819541
1999-08-01T00:00:00,96.21938631228511,92.85933264856345,99.46504617137319
1999-09-01T00:00:00,86.95191228648149,83.83004559596627,90.18988850293246
1999-10-01T00:00:00,80.33214155707614,77.30885955821108,83.59774714855998
1999-11-01T00:00:00,83.06952863116724,79.79845516271331,86.40763722749602
1999-12-01T00:00:00,94.61771151878328,91.3802868800394,97.80526495508991
2000-01-01T00:00:00,103.33053824263459,100.32804511656637,106.74779839707638
2000-02-01T00:00:00,96.64179327604528,93.40726501962845,99.89121881233115
2000-03-01T00:00:00,88.73713228108818,85.46955434960373,91.81616140652847
2000-04-01T00:00:00,80.80421350389662,77.49009256492329,84.10841588522229
2000-05-01T00:00:00,81.58408788275308,78.39784999915433,84.91631657452889
2000-06-01T00:00:00,89.83169585640923,86.50502841953131,92.8391879853877
2000-07-01T00:00:00,97.02883257190871,93.87168501165289,100.130973113146
2000-08-01T00:00:00,96.57042150973999,93.42989293937498,99.76376440908946
2000-09-01T00:00:00,88.02402932524674,84.81365556859599,91.2207538852241
2000-10-01T00:00:00,81.84320210321054,78.51831645421136,85.129789280932
2000-11-01T00:00:00,84.99323009941273,81.89078120004311,88.0699826294866
2000-12-01T00:00:00,99.21574254098675,96.0599819490175,102.56210137850994
2001-01-01T00:00:00,105.39375840906776,102.17356183929941,108.54462352418659
2001-02-01T00:00:00,96.48998552846766,93.2261415658901,99.96280889529858
2001-03-01T00:00:00,90.90754925129693,87.45695632793925,94.18403746272841
2001-04-01T00:00:00,82.10781242247793,78.73364634144252,85.33451328571157
2001-05-01T00:00:00,82.70851205614571,79.57869460017476,85.92582546062081
2001-06-01T00:00:00,91.19032503167264,87.8099128894532,94.37143888162093
2001-07-01T00:00:00,98.91072358229533,95.88456529832442,102.15091940028692
2001-08-01T00:00:00,98.91973778460589,95.41960885307873,102.3247429141988
2001-09-01T00:00:00,89.9035223963912,86.58607338822405,93.004843646333
2001-10-01T00:00:00,83.40398244934451,79.91905264160467,86.47246945105556
2001-11-01T00:00:00,86.4837231483256,83.38874395001328,89.34679500975935
2001-12-01T00:00:00,100.11655435124922,96.81022219909129,103.21169459031452
2002-01-01T00:00:00,107.30207089561401,104.02615582057402,110.45102883417171
2002-02-01T00:00:00,98.9461943857959,95.85151643205724,102.30520001737914
2002-03-01T00:00:00,93.0185374856839,89.89274349343853,96.20938638347918
2002-04-01T00:00:00,83.33948749031526,80.14290550291287,86.73707892671845
2002-05-01T00:00:00,83.77603441241614,80.5994080918729,86.72421790254566
2002-06-01T00:00:00,92.50930527379344,89.14733101303754,95.80984776974302
2002-07-01T00:00:00,100.77602200347663,97.60241579307883,104.14370746726307
2002-08-01T00:00:00,101.26687902296106,98.03228598477132,104.47975208378362
2002-09-01T00:00:00,91.76921141811009,88.60290039337374,95.03486073192988
2002-10-01T00:00:00,84.95064302000706,81.7367681917769,88.15882266629635
2002-11-01T00:00:00,87.95908241396188,84.74616035273637,91.26185452970645
2002-12-01T00:00:00,100.98764186411913,97.55834133750541,104.14589626383018
2003-01-01T00:00:00,109.22562231845785,105.82351712584084,112.39227420313586
2003-02-01T00:00:00,101.42672404893365,98.17188167401399,104.50106624143895
2003-03-01T00:00:00,95.1114201881526,91.71347054705235,98.42796604261072
2003-04-01T00:00:00,84.5261708373034,81.37959547300663,87.77231986976356
2003-05-01T00:00:00,84.80357282250853,81.34691399556327,87.99491720453665
2003-06-01T00:00:00,93.79426725057132,90.66508745134549,97.11807399259192
2003-07-01T00:00:00,102.61602834126148,99.39510466424592,105.81740915528457
2003-08-01T00:00:00,103.58728379718215,100.39030707981642,106.71826999192854
2003-09-01T00:00:00,93.58596706677524,90.3879717327362,96.7742007227772
2003-10-01T00:00:00,86.4395757658705,83.32000358463952,89.62134284181417
2003-11-01T00:00:00,89.36211743413153,86.15274511248353,92.50533970290523
2003-12-01T00:00:00,101.75985908947027,98.62266192702211,105.25807143559524
2004-01-01T00:00:00,111.10199383037519,107.6190325177706,114.17477679939073
2004-02-01T00:00:00,103.86886683511267,100.65084361690622,107.28936066960094
2004-03-01T00:00:00,95.33769820863198,91.89926864642162,98.55947054626319
2004-04-01T00:00:00,86.78037406709589,83.62420732907539,90.11651475256849
2004-05-01T00:00:00,87.5844954721103,84.29720912353305,90.7197174341253
2004-06-01T00:00:00,96.40079135434088,93.25863400012871,99.5296902876904
2004-07-01T00:00:00,104.08473076925047,100.9313008265545,107.13010903300112
2004-08-01T00:00:00,103.55249300021464,100.33892815396113,106.87907039724955
2004-09-01T00:00:00,94.35140859162514,91.07055576490947,97.67599314881487
2004-10-01T00:00:00,87.69329730522816,84.38399060930135,90.82180466513668
2004-11-01T00:00:00,91.03319910128923,87.77020306721543,94.53640207677667
2004-12-01T00:00:00,106.23523788395646,103.24286527382013,109.6830063265588
2005-01-01T00:00:00,112.81622265910471,109.53106037706127,116.00600649125286
2005-02-01T00:00:00,103.23990656000187,99.96194839349495,106.2834738144417
2005-03-01T00:00:00,97.22836089015001,94.01580127817849,100.36190898424321
2005-04-01T00:00:00,87.77830071339432,84.70040911039109,91.13131315984609
2005-05-01T00:00:00,88.3830924007452,85.21023290442135,91.6206705517822
2005-06-01T00:00:00,97.40436541044738,94.12697093282233,100.54642140448289
2005-07-01T00:00:00,105.60641431409181,102.40965330616837,109.03599147228161
2005-08-01T00:00:00,105.57024723986834,102.4277924553939,108.7968693346465
2005-09-01T00:00:00,95.90637024478522,92.64018753438292,99.07564273010205
2005-10-01T00:00:00,88.93572181527107,85.37696581392366,92.31374961197199
2005-11-01T00:00:00,92.18005614161267,88.97929658288554,95.24058742608088
2005-12-01T00:00:00,106.66652088421728,103.39810429067325,109.70757777454163
2006-01-01T00:00:00,114.27321809423478,111.00203047679695,117.28812768301911
2006-02-01T00:00:00,105.32950877564173,102.29116557484134,108.57208427957063
2006-03-01T00:00:00,98.95999991637882,95.87640177857853,102.26993625680015
2006-04-01T00:00:00,88.6039203173947,85.66991783211905,91.85813528473707
2006-05-01T00:00:00,89.01102322454138,85.82162557939705,92.24736631730117
2006-06-01T00:00:00,98.22515016436913,94.91521134631715,101.35914267407452
2006-07-01T00:00:00,106.93446007680745,103.75595494305392,109.9890991970872
2006-08-01T00:00:00,107.38472941419117,104.0305708652837,110.63778644390491
2006-09-01T00:00:00,97.2495079852968,94.24623247404682,100.52486953775075
2006-10-01T00:00:00,89.96678955858995,86.8324979372005,93.02718448822995
2006-11-01T00:00:00,93.09211213606196,90.03529026486142,96.1456155757451
2006-12-01T00:00:00,106.81367240153678,103.6468503392889,109.92316907784914
2007-01-01T00:00:00,115.4587956395658,112.36669189798117,118.51055538422136
2007-02-01T00:00:00,107.15177363051362,104.20084640132352,110.4665829273486
2007-03-01T00:00:00,100.3885826984623,97.25218242320416,103.71814039757417
2007-04-01T00:00:00,89.12631928912535,86.16111497820376,92.4861700461257
2007-05-01T00:00:00,89.33197194088334,86.27758655269233,92.56482734221501
2007-06-01T00:00:00,98.70378332264004,95.87915201582504,101.8938663836288
2007-07-01T00:00:00,107.88281196545448,104.9915141145134,111.25122607039845
2007-08-01T00:00:00,108.7952260201421,105.65443350229822,111.88919178912649
2007-09-01T00:00:00,98.19316855346379,95.16665787518143,101.5253740749229
2007-10-01T00:00:00,90.60768827817493,87.47414609762554,93.89377211031058
2007-11-01T00:00:00,93.5781837780272,90.2143301082836,96.90972997290616
2007-12-01T00:00:00,106.45867897562941,103.20590314129096,110.00780151194978
2008-01-01T00:00:00,116.11725108497427,113.02204101724936,119.31964068341874
2008-02-01T00:00:00,108.46599351642303,105.1685442474564,111.7443582209345
2008-03-01T00:00:00,99.47876973001051,96.2833710247163,102.75070419128963
2008-04-01T00:00:00,90.45383395109354,87.26378912960519,93.58888944777414
2008-05-01T00:00:00,91.19854610382872,87.9763597220851,94.47255660421331
2008-06-01T00:00:00,100.27261718283971,96.97337431331218,103.17648434528192
2008-07-01T00:00:00,108.15467562907361,104.85634630515717,111.29878625361891
2008-08-01T00:00:00,107.4883132900995,104.13792094062877,111.02171995142814
2008-09-01T00:00:00,97.83453175869508,94.53061189338459,101.25175787770726
2008-10-01T00:00:00,90.83822954228962,87.88476337647886,94.2304658495388
2008-11-01T00:00:00,94.19904355010772,90.99141308875213,97.30147681413881
2008-12-01T00:00:00,109.81838400019741,106.77025218319027,113.01818739284623
2009-01-01T00:00:00,116.49941976682997,113.34908277035392,119.58617008260147
2009-02-01T00:00:00,106.51396771473152,103.18395748321956,109.7219989082115
2009-03-01T00:00:00,100.22987414852062,97.13700296040373,103.60594787184468
2009-04-01T00:00:00,90.40639308795896,87.24184248465924,93.60853104737525
2009-05-01T00:00:00,90.94986764034614,87.67159250124763,94.25237842864051
2009-06-01T00:00:00,100.14288129608319,96.93803606298135,103.34020858894604
2009-07-01T00:00:00,108.48104450200766,105.18995670194191,111.4787894344454
2009-08-01T00:00:00,108.34650533592121,104.95464220598366,111.56645004139934
2009-09-01T00:00:00,98.34021456155197,95.0630197496892,101.653038080002
2009-10-01T00:00:00,91.11362427429414,87.91812921053503,94.40131241502051
2009-11-01T00:00:00,94.35293241682338,90.9723608183107,97.50778587441329
2009-12-01T00:00:00,109.08648256134838,106.10485007304666,112.34688444498674
2010-01-01T00:00:00,116.76148937277932,113.61323802119841,120.00226071740167
2010-02-01T00:00:00,107.5271414010742,104.5186697623379,110.79384469957054
2010-03-01T00:00:00,100.96532795356615,97.68557554820265,104.08198174099525
2010-04-01T00:00:00,90.34059874069189,87.12681045548882,93.84447953547871
2010-05-01T00:00:00,90.69861987965808,87.18971629665695,93.74897238109838
2010-06-01T00:00:00,100.02248515356374,96.67542135385547,103.21085308756871
2010-07-01T00:00:00,108.82284104978895,105.53069896627493,112.12691125194863
2010-08-01T00:00:00,109.21028983120502,105.969522206439,112.45418055056899
2010-09-01T00:00:00,98.83878604752567,95.71554471865693,102.04463510999935
2010-10-01T00:00:00,91.3798677108928,88.02994938659782,94.7909428149509
2010-11-01T00:00:00,94.49323979575635,91.1932133530385,97.64072707471963
2010-12-01T00:00:00,108.3536611850951,104.92089370022362,111.55723570621333
2011-01-01T00:00:00,117.04797755814256,113.87950380202666,120.23662660543326
2011-02-01T00:00:00,108.55671774808822,105.51188304652416,112.05294040673644
2011-03-01T00:00:00,101.6844250218922,98.44948559347961,104.971155393846
2011-04-01T00:00:00,90.25672588783841,87.1618042450245,93.55703391633529
2011-05-01T00:00:00,90.44554647395687,87.32855852216532,93.70294573686643
2011-06-01T00:00:00,99.91200613186042,96.91797884220065,103.07946786521147
2011-07-01T00:00:00,109.1799573239725,105.99563408456044,112.27969696315638
2011-08-01T00:00:00,110.07893990206347,106.81800322493974,113.26287236962031
2011-09-01T00:00:00,99.32978016241078,96.10008025656249,102.42425564641982
2011-10-01T00:00:00,91.63686295449517,88.30328773128667,94.88644127975853
2011-11-01T00:00:00,94.62016452315939,91.27961033193208,97.6250031540502
2011-12-01T00:00:00,107.62105434281116,104.45337174197181,111.09422954655031
2012-01-01T00:00:00,117.3591519613704,114.26877808257376,120.63901317867355
2012-02-01T00:00:00,109.60186011739549,106.46869046532196,112.64391657488152
2012-03-01T00:00:00,100.49977386485357,97.2787542009563,103.52710610009508
2012-04-01T00:00:00,91.38200819760085,88.36601572899363,94.55336610471053
2012-05-01T00:00:00,92.13416494490788,88.92108268692402,95.3349107547689
2012-06-01T00:00:00,101.30110434343104,98.24448040590619,104.38359047943882
2012-07-01T00:00:00,109.26377477700973,106.01739275743901,112.38683145749272
2012-08-01T00:00:00,108.5903392900136,105.39398611236207,111.76153043021665
2012-09-01T00:00:00,98.83736403798446,95.3836588915831,102.06949573821936
2012-10-01T00:00:00,91.7691517752141,88.50553083761496,95.03405583162579
2012-11-01T00:00:00,95.16419799695655,92.06983580859979,98.44194216846543
2012-12-01T00:00:00,110.94333606748518,107.85814799427378,114.09495265380234
2013-01-01T00:00:00,117.69255138168512,114.35500352838133,121.04843700990777
2013-02-01T00:00:00,107.60459609875784,104.28186447857078,110.90266449367867
2013-03-01T00:00:00,101.25595648086608,98.26223151046061,104.44604085673147
2013-04-01T00:00:00,91.33170861256363,88.29718097855083,94.70769836000275
2013-05-01T00:00:00,91.8805500742677,88.56395630933807,95.07392679556732
2013-06-01T00:00:00,101.16741263175322,98.11265102099705,104.4261495881867
2013-07-01T00:00:00,109.5906479561253,106.21638645176482,112.7747785606033
2013-08-01T00:00:00,109.45449219035855,106.43612910161535,112.99602452088605
2013-09-01T00:00:00,99.3456556515095,96.05501057711157,102.76737185814775
2013-10-01T00:00:00,92.044984394005,88.82689016387434,95.03666095660007
2013-11-01T00:00:00,95.31719549203714,92.29459008396226,98.38849517659392
2013-12-01T00:00:00,110.2010848971621,106.91365525220495,113.48389282870114
2014-01-01T00:00:00,117.95425329755501,114.61851474414293,121.11245739999865
2014-02-01T00:00:00,108.62533485035222,105.1829353404669,111.90136591378716
2014-03-01T00:00:00,101.99630266819611,98.66544671034156,105.1763001119144
2014-04-01T00:00:00,91.26288265978003,87.89472276824229,94.14800619644126
2014-05-01T00:00:00,91.62436476626554,88.58715520810425,94.82590281886304
2014-06-01T00:00:00,101.04317604984497,98.0453639529127,104.34861450156342
2014-07-01T00:00:00,109.93310354755457,106.74582624176499,113.031441843188
2014-08-01T00:00:00,110.32426412104395,107.09444500621848,113.31505164528947
2014-09-01T00:00:00,99.84675006349873,96.78326701733677,102.89269838364808
2014-10-01T00:00:00,92.31157012150847,89.09801206026528,95.56151325873752
2014-11-01T00:00:00,95.45647753832925,92.09947557299287,98.76329702173166
2014-12-01T00:00:00,109.4579570590132,106.38763925092124,112.77521570603179
2015-01-01T00:00:00,118.24062442254666,114.62691988611375,121.39412960544536
2015-02-01T00:00:00,109.66260481302999,106.52249732521616,112.82948363559159
2015-03-01T00:00:00,102.72010059294682,99.60478877854104,106.09301044313973
2015-04-01T00:00:00,91.17580950948988,87.81661953794237,94.50924804483857
2015-05-01T00:00:00,91.36636032167678,88.26576587866285,94.70694013414678
2015-06-01T00:00:00,100.9289770349173,97.55673716568676,104.02184991341457
2015-07-01T00:00:00,110.29103138048944,107.10402455531533,113.469104470332
2015-08-01T00:00:00,111.198920652889,107.87627230348905,114.38257118257387
2015-09-01T00:00:00,100.34017716161847,97.09709131910274,103.421596856485
2015-10-01T00:00:00,92.56881181923046,89.47372531076228,96.02521757105424
2015-11-01T00:00:00,95.58224602039894,92.38345736258616,98.75317793343595
2015-12-01T00:00:00,108.7150982232932,105.5736391571997,111.82159550039323
2016-01-01T00:00:00,118.55193318641162,115.17622926808302,121.65133749916981
2016-02-01T00:00:00,110.71555983610793,107.40399562748739,113.93991557094442
2016-03-01T00:00:00,101.52077842754854,98.52685164285255,104.64330540088403
2016-04-01T00:00:00,92.31018281662236,89.12722402324302,95.54325932039677
2016-05-01T00:00:00,93.0697841454641,89.65207762749262,96.0835387661197
2016-06-01T00:00:00,102.32959188098324,99.17717332295238,105.3832738385239
2016-07-01T00:00:00,110.37287431246075,107.15401615069699,113.58082701021536
2016-08-01T00:00:00,109.69236565547469,106.4695871122218,112.73523216823659
2016-09-01T00:00:00,99.8401966321637,96.57037361921975,103.11086126073396
2016-10-01T00:00:00,92.70007428450599,89.4316458844471,95.83781318962997
2016-11-01T00:00:00,96.12935271325378,93.06312573441717,99.48997666072876
2016-12-01T00:00:00,112.06828842957746,108.896694767539,115.18141616783834
2017-01-01T00:00:00,118.88568328808958,115.86078412574952,122.10158470819124
2017-02-01T00:00:00,108.69522472997302,105.30370473061805,111.58117133072923
2017-03-01T00:00:00,102.28203902938206,99.07267149037023,105.49510717292907
2017-04-01T00:00:00,92.25702431572908,88.8496291632472,95.10343507710373
2017-05-01T00:00:00,92.81123267969119,89.72723752060003,95.9830584963736
2017-06-01T00:00:00,102.19194414702547,98.67907546697302,105.31695215206858
2017-07-01T00:00:00,110.70025159512423,107.94427277212242,113.89310863740612
2017-08-01T00:00:00,110.5624792194648,107.4573760886803,113.71467565597732
2017-09-01T00:00:00,100.35109689093692,97.18525982057955,103.71613171074331
2017-10-01T00:00:00,92.97634464407393,89.74590848713925,96.03113055783832
2017-11-01T00:00:00,96.2814586935563,93.14101096444855,99.59172578353306
2017-12-01T00:00:00,111.31568736928317,108.24779949933364,114.54140500996508
2018-01-01T00:00:00,119.14701735749028,115.76843682304464,122.32696263716595
2018-01-02T00:00:00,119.44354701976346,116.39159688070069,122.62964867541054
2018-01-03T00:00:00,120.12716646291486,116.89726477490251,123.24548495178047
2018-01-04T00:00:00,121.1736346484927,117.86700914712544,124.3103892630322
2018-01-05T00:00:00,122.54780517020586,119.09986310277642,125.55251523604757
2018-01-06T00:00:00,124.20463529794573,121.04063444982465,127.60341447458082
2018-01-07T00:00:00,126.090467906304,122.98975145576814,129.2479341343034
2018-01-08T00:00:00,128.1445506317933,124.62095358459634,131.17249587509153
2018-01-09T00:00:00,130.30074995475255,126.9979488943598,133.7280094581517
2018-01-10T00:00:00,132.48941243634457,129.47313450722598,135.8191046708798
2018-01-11T00:00:00,134.63932121390607,131.47724941313837,137.71305729240024
2018-01-12T00:00:00,136.67969318783622,133.37378603262619,139.69220488435383
2018-01-13T00:00:00,138.5421611970425,135.22078140854455,141.80099058101186
2018-01-14T00:00:00,140.16268591129503,136.96325819835084,143.6575180042398
2018-01-15T00:00:00,141.48334415673372,138.4135576362748,144.70977021212175
2018-01-16T00:00:00,142.45394387987793,139.07356896971896,145.58188809247224
2018-01-17T00:00:00,143.03342084783253,139.92842183259745,146.47876485735745
2018-01-18T00:00:00,143.1909783396189,139.90851784543864,146.548781582417
2018-01-19T00:00:00,142.90693833217026,139.7217159563938,146.2898347750972
2018-01-20T00:00:00,142.17328081862996,139.1341881420443,145.4586499673135
2018-01-21T00:00:00,140.99385668614713,137.65983009657614,144.32003827313116
2018-01-22T00:00:00,139.3842687758982,136.0529753023767,142.57310061436743
2018-01-23T00:00:00,137.37142508882792,134.2909085421806,140.4934951052516
2018-01-24T00:00:00,134.9927773216738,131.78723490463938,138.17860623981824
2018-01-25T00:00:00,132.295266757728,129.1295048049033,135.23626153586454
2018-01-26T00:00:00,129.33400774469592,125.81060657180858,132.45990171059407
2018-01-27T00:00:00,126.170746335746,122.82325480079136,129.11087048277528
2018-01-28T00:00:00,122.87213794133076,119.6362397359034,126.29676566504239
2018-01-29T00:00:00,119.50789286129334,116.23123601360803,122.92111038205844
2018-01-30T00:00:00,116.14884219864217,112.93117807505976,119.58683180677865
2018-01-31T00:00:00,112.86497879477159,109.51580843125424,116.07496698779426
